branch_id,branch_name,city,region
809570,Bogotá Centro,Bogotá,Central
216739,Bogotá Norte,Bogotá,Central
877572,Bogotá Sur,Bogotá,Central
388389,Medellín Centro,Medellín,Antioquia
334053,Medellín Poblado,Medellín,Antioquia
876646,Cali Centro,Cali,Valle
719176,Cali Norte,Cali,Valle
246316,Barranquilla Centro,Barranquilla,Caribe
126225,Cartagena Centro,Cartagena,Caribe
207473,Bucaramanga Centro,Bucaramanga,Santander
356787,Pereira Centro,Pereira,Eje Cafetero
671858,Manizales Centro,Manizales,Eje Cafetero
872246,Santa Marta Centro,Santa Marta,Caribe
770487,Ibagué Centro,Ibagué,Tolima
191161,Villavicencio Centro,Villavicencio,Orinoquía
